Est,"BENEDICTE (CMS 8704)
THE CHARLES (8501)
AYUK TAKEM (CMS 9015)",ECKEBIL (CLH 103)
"Extrême-
Nord","VROUMSIA TCHINAYE (CMS
8806)
AYUK TAKEM (CMS 9015)",ECKEBIL (CLH 103)
Littoral,"BENEDICT (CMS 8704)
THE CHARLES (CMS 8501)
AYUK TAKEM (CMS 9015)",ECKEBIL (CLH 103)
Nord,"BENEDICT (CMS
8704) VROUMSIA TCHINAYE
(CMS 8806)
THE CHARLES (8501)
AYUK TAKEM (CMS 9015)",EKEBIL (CLH 103)
Nord-Ouest,"SHABA
HOGBE NLEND (CHC 201)
COCA SR;
ATP SRY (CHC 202)",EKEBIL (CLH 103)
Ouest,"SHABA
HOGBE NLEND (CHC 201)",EKEBIL (CLH 103)
Sud,"BENEDICT (CMS 8704)
THE CHARLES (8501)
AYUK TAKEM (CMS 9015) AYUK
TAKEM (CMS 9015)",EKEBIL (CLH 103)
Sud-Ouest,"BENEDICT (CMS 8704)
THE CHARLES (CMS 8501)",EKEBIL (CLH 103)
